{"cameraMode":{"drawMode":0,"name":"Shaded","section":"Shading Mode"},"sceneLighting":true,"audioPlay":false,"sceneViewState":{"showFog":true,"showMaterialUpdate":false,"showSkybox":true,"showFlares":true,"showImageEffects":true,"showParticleSystems":true},"in2DMode":false,"pivot":{"x":0.0005664825439453125,"y":0.8154119849205017,"z":-0.11108477413654328},"rotation":{"x":-0.002050007227808237,"y":0.729850709438324,"z":0.0021915477700531484,"w":0.6836079359054565},"size":2.125675916671753,"orthographic":false}