{"cameraMode":{"drawMode":0,"name":"Shaded","section":"Shading Mode"},"sceneLighting":false,"audioPlay":false,"sceneViewState":{"showFog":true,"showMaterialUpdate":false,"showSkybox":false,"showFlares":true,"showImageEffects":true,"showParticleSystems":true},"in2DMode":false,"pivot":{"x":0.9260743260383606,"y":0.5098315477371216,"z":-0.022165240719914438},"rotation":{"x":-0.043942566961050037,"y":0.8094238638877869,"z":-0.06107297167181969,"w":-0.5823873281478882},"size":3.3157665729522707,"orthographic":false}