{"cameraMode":{"drawMode":0,"name":"Shaded","section":"Shading Mode"},"sceneLighting":true,"audioPlay":false,"sceneViewState":{"showFog":true,"showMaterialUpdate":false,"showSkybox":true,"showFlares":true,"showImageEffects":true,"showParticleSystems":true},"in2DMode":false,"pivot":{"x":-0.6431734561920166,"y":7.548303604125977,"z":13.308452606201172},"rotation":{"x":-0.23610882461071015,"y":0.059148725122213367,"z":-0.01439320296049118,"w":-0.9698255062103272},"size":35.30353546142578,"orthographic":false}