{"cameraMode":{"drawMode":0,"name":"Shaded","section":"Shading Mode"},"sceneLighting":true,"audioPlay":false,"sceneViewState":{"showFog":true,"showMaterialUpdate":false,"showSkybox":true,"showFlares":true,"showImageEffects":true,"showParticleSystems":true},"in2DMode":false,"pivot":{"x":-56.52513885498047,"y":0.9999999403953552,"z":3.5199999809265138},"rotation":{"x":-0.004850398749113083,"y":-0.7848175168037415,"z":0.0061211055144667629,"w":-0.6197238564491272},"size":5.727317810058594,"orthographic":false}