{"cameraMode":{"drawMode":0,"name":"Shaded","section":"Shading Mode"},"sceneLighting":true,"audioPlay":false,"sceneViewState":{"showFog":true,"showMaterialUpdate":false,"showSkybox":true,"showFlares":true,"showImageEffects":true,"showParticleSystems":true},"in2DMode":false,"pivot":{"x":5.565068244934082,"y":-16.151798248291017,"z":28.834699630737306},"rotation":{"x":0.17009666562080384,"y":0.02867330051958561,"z":-0.004952022805809975,"w":0.9850028157234192},"size":147.42587280273438,"orthographic":false}