{"cameraMode":{"drawMode":0,"name":"Shaded","section":"Shading Mode"},"sceneLighting":true,"audioPlay":false,"sceneViewState":{"showFog":true,"showMaterialUpdate":false,"showSkybox":true,"showFlares":true,"showImageEffects":true,"showParticleSystems":true},"in2DMode":false,"pivot":{"x":-95.53023529052735,"y":0.6883686184883118,"z":-22.83804702758789},"rotation":{"x":-0.004850398749113083,"y":-0.7848175168037415,"z":0.0061211055144667629,"w":-0.6197238564491272},"size":83.36649322509766,"orthographic":false}